1;1;LeBateau;LeBateau;Bruce;Bruce;1;1;BruceLeBatelier@jourrapide.com;BruceLeBatelier@jourrapide.com;"2021-01-05 10:00:00";"2021-01-05 10:00:00"
2;2;Roussel;Roussel;Chantal;Chantal;0;0;ChantalRoussel@armyspy.com;ChantalRoussel@armyspy.com;"2021-01-05 10:02:00";"2021-01-05 10:02:00"
3;3;Audibert;Audibert;Zemmour;Zemmour;1;1;SeymourAudibert@armyspy.com;SeymourAudibert@armyspy.com;"2021-01-05 10:02:30";"2021-01-05 10:02:30"
4;4;Flamand;Flamand;Melodie;Melodie;1;1;MelodieFlamand@dayrep.com;MelodieFlamand@dayrep.com;"2021-01-05 10:03:15";"2021-01-05 10:03:15"
5;5;Lamothe;Lamothe;Damiane;Damiane;0;0;DamianeLamothe@armyspy.com;DamianeLamothe@armyspy.com;"2021-01-05 10:03:32";"2021-01-05 10:03:32"
6;6;Dupré;Dupré;Loring;Loring;0;0;LoringDupere@dayrep.com;LoringDupere@dayrep.com;"2021-01-05 10:03:45";"2021-01-05 10:03:45"
7;7;Thibault;Thibault;Halette;Halette;1;1;HaletteThibault@teleworm.us;HaletteThibault@teleworm.us;"2021-01-05 10:03:51";"2021-01-05 10:03:51"
8;8;Legueux;Legueux;Fayette;Fayette;0;0;FayetteLagueux@jourrapide.com;FayetteLagueux@jourrapide.com;"2021-01-05 10:04:11";"2021-01-05 10:04:11"
9;9;Blanchard;Blanchard;Kerman;Kerman;0;0;KermanBlanchard@armyspy.com;KermanBlanchard@armyspy.com;"2021-01-05 10:04:03";"2021-01-05 10:04:03"
10;10;Coupart;Coupart;Bellamy;Bellamy;1;1;BellamyCoupart@teleworm.us;BellamyCoupart@teleworm.us;"2021-01-05 10:04:20";"2021-01-05 10:04:20"
11;11;Test;Test;Test;Test;1;1;Test@esiee.fr;Test@esiee.fr;"2021-12-12 20:08:49";"2021-12-12 20:08:49"
13;13;test;test;testa;testa;0;0;moi@cmoi.fr;moi@cmoi.fr;"2022-01-05 10:42:05";"2022-01-05 10:42:05"
14;14;test;test;testa;testa;0;0;c@ffff;c@ffff;"2022-01-05 10:50:41";"2022-01-05 10:50:41"
15;15;test;test;testa;testa;0;0;c@ffff;c@ffff;"2022-01-05 10:53:50";"2022-01-05 10:53:50"
17;17;test;test;test;test;0;0;test@gmail.com;test@gmail.com;"2022-01-18 16:55:56";"2022-01-18 16:55:56"
18;18;test;test;test;test;0;0;test@gmail.com;test@gmail.com;"2022-01-18 16:55:56";"2022-01-18 16:55:56"
19;19;test;test;test;test;1;1;test@gmail.com;test@gmail.com;"2022-01-18 16:55:56";"2022-01-18 16:55:56"
20;20;test;test;test;test;0;0;test@gmail.com;test@gmail.com;"2022-01-18 16:58:45";"2022-01-18 16:58:45"
21;21;test;test;test;test;0;0;test@gmail.com;test@gmail.com;"2022-01-18 16:58:45";"2022-01-18 16:58:45"
22;22;test;test;test;test;0;0;test@gmail.com;test@gmail.com;"2022-01-18 16:59:10";"2022-01-18 16:59:10"
23;23;test;test;test;test;0;0;test@gmail.com;test@gmail.com;"2022-01-18 16:59:10";"2022-01-18 16:59:10"
24;24;test;test;test;test;0;0;test@gmail.com;test@gmail.com;"2022-01-18 17:01:50";"2022-01-18 17:01:50"
25;25;test;test;test;test;0;0;test@gmail.com;test@gmail.com;"2022-01-18 17:01:50";"2022-01-18 17:01:50"
26;26;test;test;test;test;1;1;test@gmail.com;test@gmail.com;"2022-01-18 17:01:50";"2022-01-18 17:01:50"
27;27;;;;;1;1;;;"2022-03-16 03:23:01";"2022-03-16 03:23:01"
28;28;2;2;2;2;1;1;2@2.fr;2@2.fr;"2022-03-16 03:28:05";"2022-03-16 03:28:05"
29;29;3;3;;;1;1;;;"2022-03-16 03:28:37";"2022-03-16 03:28:37"
30;30;7;7;7;7;1;1;7@7.fr;7@7.fr;"2022-03-16 03:53:20";"2022-03-16 03:53:20"
31;31;ROhee;ROhee;g;g;0;0;zdqzd@dzq.fr;zdqzd@dzq.fr;"2022-03-16 03:55:07";"2022-03-16 03:55:07"
32;32;ddqd;ddqd;dqdqfg;dqdqfg;1;1;dzdzqd@dffgm.fr;dzdzqd@dffgm.fr;"2022-03-16 03:56:37";"2022-03-16 03:56:37"
33;33;e;e;e;e;1;1;e@re.fe;e@re.fe;"2022-03-16 04:00:04";"2022-03-16 04:00:04"
34;34;qzdqzd;qzdqzd;qzdzq;qzdzq;1;1;qzdzqd@fefesf.fr;qzdzqd@fefesf.fr;"2022-03-16 04:00:36";"2022-03-16 04:00:36"
35;35;qdzpp;qdzpp;pp;pp;1;1;pppp@zdzqd.fr;pppp@zdzqd.fr;"2022-03-16 04:34:44";"2022-03-16 04:34:44"
36;36;pp;pp;dDZQFZQF;dDZQFZQF;1;1;KOKol@zdqz.fr;KOKol@zdqz.fr;"2022-03-16 04:35:13";"2022-03-16 04:35:13"
37;37;zdfqzdzqdqzdzqdzqdzq;zdfqzdzqdqzdzqdzqdzq;Guillaume;Guillaume;1;1;dqzdzqdqzdqzdqz@dzqd.fr;dqzdzqdqzdqzdqz@dzqd.fr;"2022-03-19 02:13:28";"2022-03-19 02:13:28"
38;38;OUOUOUOU;OUOUOUOU;OUIOUIOUI;OUIOUIOUI;0;0;pooop@lele.fr;pooop@lele.fr;"2022-03-19 02:13:44";"2022-03-19 02:13:44"
39;39;ROzdqzd;ROzdqzd;qzdqzdqzdqz;qzdqzdqzdqz;0;0;ZQDQZDQZ@FEF.FR;ZQDQZDQZ@FEF.FR;"2022-03-19 03:11:05";"2022-03-19 03:11:05"
40;40;lucas;lucas;luca;luca;0;0;zqdqzdqzd.@zdqzKdr.fr;zqdqzdqzd.@zdqzKdr.fr;"2022-03-19 03:12:38";"2022-03-19 03:12:38"
41;41;Bregue;Bregue;Bregue;Bregue;0;0;Star@qzzqddz.fr;Star@qzzqddz.fr;"2022-03-19 03:14:05";"2022-03-19 03:14:05"
42;42;bet;bet;dzqdzq;dzqdzq;0;0;dwifhtshcur@qzdqzd.fr;dwifhtshcur@qzdqzd.fr;"2022-03-19 03:24:22";"2022-03-19 03:24:22"
43;43;blhmmppodi;blhmmppodi;bhl;bhl;0;0;levi@dqzdzq.fr;levi@dqzdzq.fr;"2022-03-19 03:36:11";"2022-03-19 03:36:11"
44;44;bhllll;bhllll;lllldddppss;lllldddppss;0;0;dzdqzdqz@qzdzq.fr;dzdqzdqz@qzdzq.fr;"2022-03-19 03:36:56";"2022-03-19 03:36:56"
45;45;;;;;1;1;;;"2022-03-19 03:54:23";"2022-03-19 03:54:23"
46;46;valerie;valerie;Rohee;Rohee;0;0;qzdqzdzqdz@dzqdz.fr;qzdqzdzqdz@dzqdz.fr;"2022-03-19 03:57:36";"2022-03-19 03:57:36"
47;47;ROHEEEEE;ROHEEEEE;Valerie;Valerie;0;0;zqdzqdqzdq@dzqdz.fr;zqdzqdqzdq@dzqdz.fr;"2022-03-19 03:58:22";"2022-03-19 03:58:22"
48;48;Olivieri;Olivieri;zdqzdqz;zdqzdqz;0;0;DZQDZQDZQ0@QZDQZD.fr;DZQDZQDZQ0@QZDQZD.fr;"2022-03-19 04:00:15";"2022-03-19 04:00:15"
49;49;mmmmpppp;mmmmpppp;mmmppppp;mmmppppp;0;0;mmpppp@ffff.fr;mmpppp@ffff.fr;"2022-03-19 04:01:34";"2022-03-19 04:01:34"
50;50;oiuiiii;oiuiiii;ouiuiiiu;ouiuiiiu;0;0;llololo@Lololof.fr;llololo@Lololof.fr;"2022-03-19 04:02:06";"2022-03-19 04:02:06"
51;51;YESYESYESYES;YESYESYESYES;olol;olol;0;0;zdqzdzqdqzdzq@dqzdz.fr;zdqzdzqdqzdzq@dqzdz.fr;"2022-03-19 04:03:45";"2022-03-19 04:03:45"
52;52;sylain;sylain;dzdqz;dzdqz;0;0;dffggmp@dff.fr;dffggmp@dff.fr;"2022-03-19 04:10:43";"2022-03-19 04:10:43"
53;53;ouinononon;ouinononon;dzdzq;dzdzq;0;0;dd@ddd.fr;dd@ddd.fr;"2022-03-19 04:19:29";"2022-03-19 04:19:29"
54;54;zzzzzzzzzzzzz;zzzzzzzzzzzzz;zzzzzzzzz;zzzzzzzzz;0;0;zzzzz@zzzz.fr;zzzzz@zzzz.fr;"2022-03-19 04:30:55";"2022-03-19 04:30:55"
55;55;gfggg;gfggg;fefqfzqdqd;fefqfzqdqd;0;0;zqdqzdqz@dzqdz.fr;zqdqzdqz@dzqdz.fr;"2022-03-19 04:31:28";"2022-03-19 04:31:28"
56;56;ddqzdqz;ddqzdqz;dzdqdzqdz;dzdqdzqdz;0;0;zdqzqdqzdqz@dqz.fr;zdqzqdqzdqz@dqz.fr;"2022-03-19 04:37:32";"2022-03-19 04:37:32"
57;57;xavier;xavier;françois;françois;0;0;dzdzdz@dzdzdzL.fr;dzdzdz@dzdzdzL.fr;"2022-03-19 05:21:20";"2022-03-19 05:21:20"
58;58;deutch;deutch;dzdzd;dzdzd;0;0;dgmppd@ddle.fr;dgmppd@ddle.fr;"2022-03-19 05:23:32";"2022-03-19 05:23:32"
59;59;xaviefa;xaviefa;zdz;zdz;0;0;zdqzd@dzdz.fr;zdqzd@dzdz.fr;"2022-03-19 05:24:33";"2022-03-19 05:24:33"
60;60;qddzqd;qddzqd;dzqdzqdqzd;dzqdzqdqzd;0;0;dzqdqzfgeqfzq@der.fr;dzqdqzfgeqfzq@der.fr;"2022-03-19 05:25:57";"2022-03-19 05:25:57"
61;61;;;;;0;0;;;"2022-03-19 05:26:49";"2022-03-19 05:26:49"
62;62;vvvvvvvvv;vvvvvvvvv;vvvvvvvvvvvvvvvv;vvvvvvvvvvvvvvvv;0;0;dzdqd@fr.fr;dzdqd@fr.fr;"2022-03-19 05:30:15";"2022-03-19 05:30:15"
63;63;;;;;0;0;;;"2022-03-19 05:45:01";"2022-03-19 05:45:01"
64;64;biyeibite;biyeibite;bite;bite;0;0;bite@bite.fr;bite@bite.fr;"2022-03-20 01:32:01";"2022-03-20 01:32:01"
65;65;ROEZDZQDQZ;ROEZDZQDQZ;dqzegllhphp;dqzegllhphp;0;0;ffff@dlldld.fr;ffff@dlldld.fr;"2022-03-20 01:39:19";"2022-03-20 01:39:19"
66;66;zdzqdzqjmjpmpjpymhpgl;zdzqdzqjmjpmpjpymhpgl;zdqzdzqfqzfzqd;zdqzdzqfqzfzqd;0;0;zqdzqdzqzq@dzqdzq.fr;zqdzqdzqzq@dzqdzq.fr;"2022-03-20 01:42:36";"2022-03-20 01:42:36"
67;67;qdzqdmppm;qdzqdmppm;mpmpmp;mpmpmp;0;0;lqlzqdlzq@dqzd.fr;lqlzqdlzq@dqzd.fr;"2022-03-20 01:48:36";"2022-03-20 01:48:36"
68;68;mpmpmpmpmpmjj;mpmpmpmpmpmjj;qzdzqd;qzdzqd;0;0;zqdqzdzq@qzdz.fr;zqdqzdzq@qzdz.fr;"2022-03-20 01:51:41";"2022-03-20 01:51:41"
69;69;zdzqnnnvbdh;zdzqnnnvbdh;eqzfmmpp;eqzfmmpp;0;0;dzdzd@dzdz.fr;dzdzd@dzdz.fr;"2022-03-20 01:54:54";"2022-03-20 01:54:54"
70;70;;;;;1;1;;;"2022-03-20 01:55:43";"2022-03-20 01:55:43"
71;71;mpokhbggyjhj;mpokhbggyjhj;zqdqzdqzdq;zqdqzdqzdq;0;0;dzgmpp@ddd.fr;dzgmpp@ddd.fr;"2022-03-20 01:57:50";"2022-03-20 01:57:50"
72;72;ddqzdz;ddqzdz;dqdzdqzkkgp;dqdzdqzkkgp;0;0;kijufhuhu@deeffp.fr;kijufhuhu@deeffp.fr;"2022-03-20 02:09:44";"2022-03-20 02:09:44"
73;73;dzqffgggg;dzqffgggg;ddfmkkkk;ddfmkkkk;1;1;loll@l.fr;loll@l.fr;"2022-03-20 02:23:31";"2022-03-20 02:23:31"
74;74;;;;;1;1;;;"2022-03-20 02:25:27";"2022-03-20 02:25:27"
75;75;qzdqzdzq;qzdqzdzq;dzqdzq;dzqdzq;1;1;BruceLeBatelier@jourrapide.com;BruceLeBatelier@jourrapide.com;"2022-03-20 03:36:26";"2022-03-20 03:36:26"
76;76;zqdzqdzqd;zqdzqdzqd;zdzqdzq;zdzqdzq;1;1;BruceLeBatelier@jourrapide.com;BruceLeBatelier@jourrapide.com;"2022-03-20 03:36:37";"2022-03-20 03:36:37"
77;77;dzqdzq;dzqdzq;zdqzdqzd;zdqzdqzd;1;1;BruceLeBatelier@jourrapide.com;BruceLeBatelier@jourrapide.com;"2022-03-20 03:36:56";"2022-03-20 03:36:56"
78;78;qdzqdqz;qdzqdqz;zqdqzdzqdzq;zqdqzdzqdzq;1;1;ChantalRoussel@armyspy.com;ChantalRoussel@armyspy.com;"2022-03-20 03:38:04";"2022-03-20 03:38:04"
79;79;dqzdqzdzqzq;dqzdqzdzqzq;qdqzdqzdzq;qdqzdqzdzq;1;1;ChantalRoussel@armyspy.com;ChantalRoussel@armyspy.com;"2022-03-20 03:38:13";"2022-03-20 03:38:13"
80;80;Roussel;Roussel;Chantal;Chantal;1;1;ChantalRoussel@armyspy.com;ChantalRoussel@armyspy.com;"2022-03-20 03:38:41";"2022-03-20 03:38:41"
81;81;Roussel;Roussel;Chantal;Chantal;1;1;ChantalRoussel@armyspy.com;ChantalRoussel@armyspy.com;"2022-03-20 03:38:50";"2022-03-20 03:38:50"
82;82;Roussel;Roussel;Chantal;Chantal;1;1;ChantalRoussel@armyspy.com;ChantalRoussel@armyspy.com;"2022-03-20 03:39:34";"2022-03-20 03:39:34"
83;83;Roussel;Roussel;Chantal;Chantal;1;1;ChantalRoussel@armyspy.com;ChantalRoussel@armyspy.com;"2022-03-20 03:40:45";"2022-03-20 03:40:45"
84;84;Roussel;Roussel;Chantal;Chantal;1;1;ChantalRoussel@armyspy.com;ChantalRoussel@armyspy.com;"2022-03-20 03:40:56";"2022-03-20 03:40:56"
85;85;Audibert;Audibert;Zemmour;Zemmour;1;1;SeymourAudibert@armyspy.com;SeymourAudibert@armyspy.com;"2022-03-20 03:51:44";"2022-03-20 03:51:44"
86;86;Bitebitebite;Bitebitebite;zqdqzddqz;zqdqzddqz;0;0;zdzqdqz@dzq.fr;zdzqdqz@dzq.fr;"2022-03-21 07:03:33";"2022-03-21 07:03:33"
87;87;oui;oui;zdqzd;zdqzd;0;0;ddlgo@fr.fr;ddlgo@fr.fr;"2022-03-22 03:37:27";"2022-03-22 03:37:27"
88;88;ROHEE;ROHEE;guillaume;guillaume;0;0;guigui@zdd.fr;guigui@zdd.fr;"2022-03-22 03:39:16";"2022-03-22 03:39:16"
89;89;oui;oui;ouo;ouo;0;0;ouozdqzd@zdzq.fr;ouozdqzd@zdzq.fr;"2022-03-22 03:40:01";"2022-03-22 03:40:01"
90;90;zqdqz;zqdqz;dzqdzq;dzqdzq;0;0;DZDZQDQZ@dzq.fr;DZDZQDQZ@dzq.fr;"2022-03-22 03:40:30";"2022-03-22 03:40:30"
91;91;zddzq;zddzq;dzqdzqdqz;dzqdzqdqz;0;0;zfglfo@de.fr;zfglfo@de.fr;"2022-03-23 07:23:20";"2022-03-23 07:23:20"
92;92;dzqdqz;dzqdqz;DZQDQZ;DZQDQZ;0;0;DZDQZDQZ@dflf.fr;DZDQZDQZ@dflf.fr;"2022-03-23 07:23:53";"2022-03-23 07:23:53"
93;93;fefq;fefq;ZQFQZ;ZQFQZ;0;0;KKK@df.fr;KKK@df.fr;"2022-03-23 07:46:28";"2022-03-23 07:46:28"
94;94;oui;oui;ouo;ouo;0;0;oui@oui.fr;oui@oui.fr;"2022-03-23 07:47:00";"2022-03-23 07:47:00"
95;95;zdqzd;zdqzd;dqdzqda;dqdzqda;0;0;dzdqz@qzdzq.fr;dzdqz@qzdzq.fr;"2022-03-23 07:48:52";"2022-03-23 07:48:52"
96;96;oui;oui;ouou;ouou;0;0;oui@qzdzq.fr;oui@qzdzq.fr;"2022-03-23 07:49:52";"2022-03-23 07:49:52"
97;97;Star;Star;xqzdzq;xqzdzq;0;0;zqdqzzq@qzdzq.fr;zqdqzzq@qzdzq.fr;"2022-03-23 07:52:27";"2022-03-23 07:52:27"
98;98;zdzqdDQ;zdzqdDQ;DQZDZQzd;DQZDZQzd;0;0;qzdqz@dzq.fr;qzdqz@dzq.fr;"2022-03-23 07:53:06";"2022-03-23 07:53:06"
99;99;jojijojojo;jojijojojo;zdzqdzqdz;zdzqdzqdz;0;0;ddzqdzq@frfe.fr;ddzqdzq@frfe.fr;"2022-03-23 08:00:01";"2022-03-23 08:00:01"
100;100;ROHEE;ROHEE;guillaume;guillaume;0;0;zdzq@dzqKfr.fr;zdzq@dzqKfr.fr;"2022-03-23 08:00:36";"2022-03-23 08:00:36"
101;101;zdzqd;zdzqd;dzqdqz;dzqdqz;0;0;dqzdzq@dqz.fr;dqzdzq@dqz.fr;"2022-03-23 08:03:50";"2022-03-23 08:03:50"
102;102;zqdqzdzq;zqdqzdzq;dzqdzq;dzqdzq;0;0;dzqdzqzqd@dqz.fr;dzqdzqzqd@dqz.fr;"2022-03-23 08:11:00";"2022-03-23 08:11:00"
103;103;qdqzd;qdqzd;dzqdzq;dzqdzq;0;0;dzqdzq@dzq.fr;dzqdzq@dzq.fr;"2022-03-23 08:17:20";"2022-03-23 08:17:20"
